[
    {
        "name": "quiqqer/qui-php",
        "version": "dev-dev",
        "version_normalized": "dev-dev",
        "source": {
            "type": "git",
            "url": "http://dev.quiqqer.com:3000/quiqqer/qui-php.git",
            "reference": "b81dbc1bdb0ebe4c88111b6a63f8fdb1f245aab8"
        },
        "dist": {
            "type": "zip",
            "url": "http://update.quiqqer.com/files/quiqqer/qui-php/qui-php-dev-dev.zip",
            "reference": null,
            "shasum": null
        },
        "require": {
            "php": ">=5.3",
            "quiqqer/utils": "*@dev"
        },
        "time": "2015-04-18 17:51:55",
        "type": "library",
        "installation-source": "source",
        "autoload": {
            "psr-0": {
                "QUI": "lib/"
            }
        },
        "description": "QUI - PHP Controls"
    },
    {
        "name": "quiqqer/utils",
        "version": "dev-dev",
        "version_normalized": "dev-dev",
        "source": {
            "type": "git",
            "url": "http://dev.quiqqer.com:3000/quiqqer/qutils.git",
            "reference": "8444e2d99fe2e13c3fd16c13af7931cbe1d79ef2"
        },
        "dist": {
            "type": "zip",
            "url": "http://update.quiqqer.com/files/quiqqer/utils/qutils-dev-dev.zip",
            "reference": null,
            "shasum": null
        },
        "require": {
            "php": ">=5.3"
        },
        "time": "2015-05-26 15:25:05",
        "type": "library",
        "installation-source": "source",
        "autoload": {
            "psr-0": {
                "QUI": "lib/"
            }
        },
        "description": "QUIQQER Utils - Helper Classes"
    }
]
