[
    {
        "name": "quiqqer/qui-php",
        "version": "dev-dev",
        "version_normalized": "dev-dev",
        "source": {
            "type": "git",
            "url": "http://dev.quiqqer.com:3000/quiqqer/qui-php.git",
            "reference": "3b5feecfa5ceddcc652ba8ab519cbd41d78b31e4"
        },
        "dist": {
            "type": "zip",
            "url": "http://update.quiqqer.com/files/quiqqer/qui-php/qui-php-dev-dev.zip",
            "reference": null,
            "shasum": null
        },
        "require": {
            "php": ">=5.3",
            "quiqqer/utils": "*@dev"
        },
        "time": "2014-12-01 14:12:20",
        "type": "library",
        "installation-source": "source",
        "autoload": {
            "psr-0": {
                "QUI": "lib/"
            }
        },
        "description": "QUI - PHP Controls"
    },
    {
        "name": "quiqqer/utils",
        "version": "dev-dev",
        "version_normalized": "dev-dev",
        "source": {
            "type": "git",
            "url": "http://dev.quiqqer.com:3000/quiqqer/qutils.git",
            "reference": "692be1e0217a1a275341339168600ff266bc09a2"
        },
        "dist": {
            "type": "zip",
            "url": "http://update.quiqqer.com/files/quiqqer/utils/qutils-dev-dev.zip",
            "reference": null,
            "shasum": null
        },
        "require": {
            "php": ">=5.3"
        },
        "time": "2015-03-23 12:48:44",
        "type": "library",
        "installation-source": "source",
        "autoload": {
            "psr-0": {
                "QUI": "lib/"
            }
        },
        "description": "QUIQQER Utils - Helper Classes"
    }
]
