[
    {
        "name": "quiqqer/qui-php",
        "version": "dev-dev",
        "version_normalized": "dev-dev",
        "source": {
            "type": "git",
            "url": "https://dev.quiqqer.com/quiqqer/qui-php.git",
            "reference": "cc3a5404f36c2cdb4ea0ed7347e4c2203555b7b8"
        },
        "dist": {
            "type": "zip",
            "url": "http://update.quiqqer.com/files/quiqqer/qui-php/qui-php-dev-dev.zip",
            "reference": null,
            "shasum": null
        },
        "require": {
            "php": ">=5.3",
            "quiqqer/utils": "*@dev"
        },
        "time": "2016-01-17 10:30:25",
        "type": "library",
        "installation-source": "source",
        "autoload": {
            "psr-4": {
                "QUI\\Controls\\": "src/QUI/Controls/"
            }
        },
        "description": "QUI - PHP Controls"
    },
    {
        "name": "quiqqer/utils",
        "version": "dev-dev",
        "version_normalized": "dev-dev",
        "source": {
            "type": "git",
            "url": "https://dev.quiqqer.com/quiqqer/qutils.git",
            "reference": "5f63178a25556932ce6af5b4d2ba9e506c7c9939"
        },
        "dist": {
            "type": "zip",
            "url": "http://update.quiqqer.com/files/quiqqer/utils/qutils-dev-dev.zip",
            "reference": null,
            "shasum": null
        },
        "require": {
            "php": ">=5.3"
        },
        "time": "2016-02-13 18:29:38",
        "type": "library",
        "installation-source": "source",
        "autoload": {
            "psr-0": {
                "QUI": "src/"
            }
        },
        "description": "QUIQQER Utils - helper Classes"
    }
]
