<toolbar>
    <line>
        <group>
            <button>Source</button>
            <button>Templates</button>
        </group>

        <group>
            <button>Cut</button>
            <button>Copy</button>
            <seperator></seperator>
            <button>Paste</button>
            <button>PasteText</button>
            <button>PasteFromWord</button>
            <seperator></seperator>
            <button>Undo</button>
            <button>Redo</button>
        </group>

        <group>
            <button>Find</button>
            <button>Replace</button>
            <seperator></seperator>
            <button>SelectAll</button>
            <seperator></seperator>
            <button>Scayt</button>
        </group>

        <group>
            <button>Form</button>
            <button>Checkbox</button>
            <button>Radio</button>
            <button>TextField</button>
            <button>Textarea</button>
            <button>Select</button>
            <button>Button</button>
            <button>ImageButton</button>
            <button>HiddenField</button>
        </group>
    </line>

    <line>
        <group>
            <button>Bold</button>
            <button>Italic</button>
            <button>Underline</button>
            <button>Strike</button>
            <button>Subscript</button>
            <button>Superscript</button>
            <seperator></seperator>
            <button>RemoveFormat</button>
        </group>

        <group>
            <button>NumberedList</button>
            <button>BulletedList</button>
            <seperator></seperator>
            <button>Outdent</button>
            <button>Indent</button>
            <seperator></seperator>
            <button>Blockquote</button>
            <button>CreateDiv</button>
            <seperator></seperator>
            <button>JustifyLeft</button>
            <button>JustifyCenter</button>
            <button>JustifyRight</button>
            <button>JustifyBlock</button>
            <seperator></seperator>
            <button>BidiLtr</button>
            <button>BidiRtl</button>
            <button>Language</button>
        </group>

        <group>
            <button>Link</button>
            <button>Unlink</button>
            <button>Anchor</button>
        </group>

        <group>
            <button>Image</button>
            <button>Flash</button>
            <button>Table</button>
            <button>HorizontalRule</button>
            <button>Smiley</button>
            <button>SpecialChar</button>
            <button>PageBreak</button>
            <button>Iframe</button>
        </group>

    </line>

    <line>
        <group>
            <button>Styles</button>
            <button>Format</button>
            <button>Font</button>
            <button>FontSize</button>
        </group>

        <group>
            <button>TextColor</button>
            <button>BGColor'</button>
        </group>
    </line>

</toolbar>
